{
  "undergarden:undergarden/root": {
    "criteria": {
      "tick": "2024-08-08 16:18:59 +0000"
    },
    "done": true
  },
  "inventorypets:root": {
    "criteria": {
      "auto": "2024-08-08 16:18:59 +0000"
    },
    "done": true
  },
  "mowziesmobs:root": {
    "criteria": {
      "custom_test_name": "2024-08-08 16:18:59 +0000"
    },
    "done": true
  },
  "corail_recycler:tutorial/root": {
    "criteria": {
      "auto": "2024-08-08 16:18:59 +0000"
    },
    "done": true
  },
  "minecraft:adventure/adventuring_time": {
    "criteria": {
      "minecraft:forest": "2024-08-08 16:19:26 +0000",
      "minecraft:taiga": "2024-08-08 16:18:59 +0000"
    },
    "done": false
  },
  "DataVersion": 2586
}